mlbam_id,name,pos,team,IP,GS,G,W,L,ERA,WHIP,K9,BB9,K,BB,H_allowed,HR_allowed,role
608331,Max Fried,P,NYY,52.7,8,8,4,1,2.39,0.89,7.35,2.56,43,15,32,1,SP
693645,Cam Schlittler,P,NYY,47.3,8,8,5,1,1.52,0.87,10.08,1.71,53,9,32,1,SP
645261,Sandy Alcantara,P,MIA,47.3,7,7,3,2,3.04,1.16,5.89,2.85,31,15,40,4,SP
667755,José Soriano,P,LAA,46.7,8,8,5,2,1.74,1.09,10.41,3.66,54,19,32,5,SP
669923,George Kirby,P,SEA,45.0,7,7,4,2,3.00,1.13,6.80,2.20,34,11,40,4,SP
608379,Michael Wacha,P,KC,44.3,7,7,3,2,3.05,1.06,7.31,3.05,36,15,32,5,SP
657277,Logan Webb,P,SF,44.0,7,7,2,3,4.30,1.36,7.77,3.07,38,15,45,3,SP
669302,Logan Gilbert,P,SEA,44.0,8,8,2,3,4.30,1.30,8.80,2.05,43,10,47,8,SP
663436,Davis Martin,P,CWS,44.0,7,7,5,1,1.64,1.02,8.80,1.64,43,8,37,2,SP
808967,Yoshinobu Yamamoto,P,LAD,43.7,7,7,3,2,3.09,1.01,8.24,2.06,40,10,34,5,SP
607625,Seth Lugo,P,KC,43.7,7,7,1,1,2.68,1.24,7.63,2.68,37,13,41,1,SP
669373,Tarik Skubal,P,DET,43.3,7,7,3,2,2.70,0.95,9.35,1.25,45,6,35,2,SP
668909,Gavin Williams,P,CLE,43.3,7,7,5,1,2.70,1.02,11.01,3.95,53,19,25,6,SP
693821,Bryce Elder,P,ATL,43.0,7,7,3,1,1.88,1.05,7.53,2.72,36,13,32,2,SP
605280,Clay Holmes,P,NYM,42.7,7,7,4,2,1.69,0.98,6.54,2.95,31,14,28,3,SP
607259,Nick Martinez,P,TB,42.0,7,7,3,1,1.71,1.02,6.00,2.14,28,10,33,3,SP
519242,Chris Sale,P,ATL,42.0,7,7,6,1,2.14,0.90,10.50,2.57,49,12,26,5,SP
677952,Braxton Ashcraft,P,PIT,41.7,7,7,1,2,3.02,1.08,9.72,3.02,45,14,31,3,SP
676106,Emerson Hancock,P,SEA,41.7,7,7,2,1,2.59,0.96,9.94,1.30,46,6,34,7,SP
684007,Shota Imanaga,P,CHC,41.3,7,7,3,2,2.40,0.85,9.36,2.18,43,10,25,3,SP
665795,Edward Cabrera,P,CHC,41.3,7,7,3,0,3.27,1.28,8.06,3.05,37,14,39,5,SP
800048,Parker Messick,P,CLE,41.3,7,7,3,1,2.40,0.92,9.58,2.18,44,10,28,4,SP
686799,Jack Kochanowicz,P,LAA,41.3,7,7,2,1,3.05,1.21,6.53,4.57,30,21,29,2,SP
671737,Taj Bradley,P,MIN,41.0,7,7,3,1,2.85,1.22,9.66,3.29,44,15,35,5,SP
695505,Chase Burns,P,CIN,41.0,7,7,3,1,2.20,1.02,10.10,2.85,46,13,29,5,SP
693433,Bryan Woo,P,SEA,41.0,7,7,1,2,4.61,1.07,6.37,1.32,29,6,38,6,SP
656605,Mitch Keller,P,PIT,41.0,7,7,3,1,2.85,1.05,6.80,2.63,31,12,31,1,SP
663460,Kris Bubic,P,KC,40.7,7,7,3,1,3.32,1.13,9.30,4.20,42,19,27,3,SP
592332,Kevin Gausman,P,TOR,40.7,7,7,2,2,3.10,0.96,8.85,1.77,40,8,31,5,SP
666200,Jesús Luzardo,P,PHI,40.7,7,7,3,3,5.09,1.28,11.29,1.99,51,9,43,4,SP
664285,Framber Valdez,P,DET,40.3,7,7,2,1,3.35,1.26,7.14,3.12,32,14,37,2,SP
650911,Cristopher Sánchez,P,PHI,40.3,7,7,2,2,2.90,1.51,11.16,2.90,50,13,48,3,SP
672282,Reid Detmers,P,LAA,40.0,7,7,1,2,4.28,1.15,9.90,2.03,44,9,37,3,SP
680732,Sean Burke,P,CWS,39.7,5,7,2,2,2.72,1.01,7.26,1.82,32,8,32,3,SP
694738,Landen Roupp,P,SF,39.7,7,7,5,2,3.18,1.06,9.76,3.63,43,16,26,1,SP
592662,Robbie Ray,P,SF,39.7,7,7,2,4,2.95,1.06,9.08,3.18,40,14,28,7,SP
543135,Nathan Eovaldi,P,TEX,39.7,7,7,3,4,4.76,1.34,8.85,2.27,39,10,43,9,SP
650633,Michael King,P,SD,39.7,7,7,3,2,2.95,1.13,8.85,4.08,39,18,27,3,SP
656492,Foster Griffin,P,WSH,39.7,7,7,3,1,2.27,1.08,7.49,3.18,33,14,29,5,SP
669358,Shane Baz,P,BAL,39.7,7,7,1,3,4.99,1.54,7.49,3.63,33,16,45,4,SP
690997,Nolan McLean,P,NYM,39.3,7,7,1,2,2.97,0.94,11.67,2.52,51,11,26,2,SP
676440,Tanner Bibee,P,CLE,39.3,8,8,0,5,4.58,1.47,8.24,3.66,36,16,42,6,SP
681190,Randy Vásquez,P,SD,39.3,7,7,3,1,3.20,1.17,8.24,2.97,36,13,33,4,SP
700241,Michael McGreevy,P,STL,39.3,7,7,2,2,2.52,0.92,5.49,1.83,24,8,28,5,SP
624133,Ranger Suarez,P,BOS,39.0,7,7,2,2,2.77,0.95,7.38,2.31,32,10,27,3,SP
677960,Ryan Weathers,P,NYY,38.7,7,7,2,2,3.03,1.19,10.47,2.33,45,10,36,6,SP
607192,Tyler Glasnow,P,LAD,38.7,6,6,3,0,2.56,0.83,10.94,3.03,47,13,19,4,SP
657746,Joe Ryan,P,MIN,38.7,8,8,2,3,3.72,1.06,9.31,2.33,40,10,31,3,SP
605488,Jeffrey Springs,P,ATH,38.7,7,7,3,2,3.96,1.09,8.15,2.79,35,12,30,6,SP
642547,Freddy Peralta,P,NYM,38.3,7,7,1,3,3.52,1.20,9.86,3.76,42,16,30,4,SP
676083,Janson Junk,P,MIA,38.3,7,7,2,3,2.82,1.04,6.34,1.88,27,8,32,3,SP
656302,Dylan Cease,P,TOR,38.3,7,7,2,1,3.05,1.33,13.15,4.23,56,18,33,1,SP
622663,Luis Severino,P,ATH,38.3,7,7,2,2,4.46,1.43,9.39,5.40,40,23,32,4,SP
694819,Jacob Misiorowski,P,MIL,38.0,7,7,2,2,2.84,1.00,13.97,3.55,59,15,23,4,SP
641927,Bailey Ober,P,MIN,38.0,7,7,3,1,3.55,1.13,6.87,3.08,29,13,30,4,SP
683004,Jack Leiter,P,TEX,38.0,7,7,1,3,5.45,1.37,10.18,3.08,43,13,39,7,SP
681347,Mike Burrows,P,HOU,37.7,7,7,1,4,5.97,1.65,8.60,3.11,36,13,49,8,SP
701542,Will Warren,P,NYY,37.7,7,7,4,0,2.39,1.06,10.99,1.91,46,8,32,4,SP
801403,Chase Dollander,P,COL,37.3,1,8,3,2,3.38,1.15,10.13,2.89,42,12,31,4,SP
571927,Steven Matz,P,TB,37.3,7,7,4,1,3.86,1.10,6.75,3.13,28,13,28,6,SP
605400,Aaron Nola,P,PHI,37.3,7,7,2,3,5.06,1.45,9.64,3.13,40,13,41,6,SP
656550,Grant Holmes,P,ATL,37.3,7,7,2,1,4.34,1.31,6.99,4.10,29,17,32,6,SP
608372,Tomoyuki Sugano,P,COL,37.0,7,7,3,2,3.41,1.14,5.35,2.68,22,11,31,6,SP
676974,Max Meyer,P,MIA,37.0,7,7,2,0,2.68,1.03,9.73,3.16,40,13,25,2,SP
669160,Dustin May,P,STL,36.7,7,7,3,3,5.15,1.53,6.14,2.21,25,9,47,3,SP
650644,Aaron Civale,P,ATH,36.7,7,7,3,1,2.95,1.34,6.63,2.45,27,10,39,4,SP
691587,Eury Pérez,P,MIA,36.3,7,7,2,3,4.46,1.38,9.66,3.96,39,16,34,6,SP
680736,Justin Wrobleski,P,LAD,36.0,5,6,5,0,1.25,1.00,3.75,2.50,15,10,26,0,SP
641816,Tyler Mahle,P,SF,36.0,7,7,1,4,5.00,1.53,8.50,4.50,34,18,37,6,SP
669461,Matthew Liberatore,P,STL,36.0,7,7,1,1,4.50,1.50,5.75,3.25,23,13,41,8,SP
677944,Slade Cecconi,P,CLE,35.7,7,7,1,4,6.56,1.57,7.07,3.28,28,13,43,8,SP
813349,Connelly Early,P,BOS,35.7,7,7,2,2,3.79,1.32,7.82,4.29,31,17,30,5,SP
695076,Rhett Lowder,P,CIN,35.3,7,7,3,2,5.09,1.39,6.62,3.57,26,14,35,1,SP
671096,Andrew Abbott,P,CIN,34.7,7,7,1,2,5.97,1.67,6.23,3.89,24,15,43,5,SP
681517,Kyle Leahy,P,STL,34.7,7,7,4,3,4.93,1.64,7.01,3.38,27,13,44,6,SP
669022,MacKenzie Gore,P,TEX,34.7,7,7,2,2,4.67,1.36,11.68,4.67,45,18,29,5,SP
680573,Simeon Woods Richardson,P,MIN,34.7,7,7,0,5,6.49,1.76,4.41,3.63,17,14,47,8,SP
663623,Jake Irvin,P,WSH,34.7,7,7,1,4,4.93,1.30,10.13,3.89,39,15,30,4,SP
592791,Jameson Taillon,P,CHC,34.7,6,6,2,1,4.41,1.15,8.05,3.38,31,13,27,9,SP
656849,David Peterson,P,NYM,34.3,5,8,1,4,6.29,1.60,9.17,3.67,35,14,41,2,SP
676282,Joey Cantillo,P,CLE,34.3,7,7,1,1,3.67,1.40,9.44,4.19,36,16,32,5,SP
622491,Luis Castillo,P,SEA,34.3,7,7,0,3,6.29,1.66,8.13,3.41,31,13,44,4,SP
680694,Kyle Bradish,P,BAL,34.0,7,7,1,4,5.03,1.82,9.26,5.56,35,21,41,5,SP
547179,Michael Lorenzen,P,COL,34.0,7,8,2,3,6.09,1.76,6.35,2.38,24,9,51,6,SP
669387,Carmen Mlodzinski,P,PIT,34.0,6,7,2,2,4.76,1.50,10.59,3.44,40,13,38,1,SP
694973,Paul Skenes,P,PIT,34.0,7,7,4,2,2.91,0.82,10.32,1.85,39,7,21,4,SP
672456,Keider Montero,P,DET,33.7,6,6,2,2,3.48,1.01,6.68,1.87,25,7,27,3,SP
607200,Erick Fedde,P,CWS,33.3,4,6,0,3,3.24,1.05,5.94,2.97,22,11,24,5,SP
593958,Eduardo Rodriguez,P,AZ,32.7,6,6,2,0,3.03,1.41,6.06,4.41,22,16,30,4,SP
607067,Colin Rea,P,CHC,32.7,4,7,4,1,4.41,1.32,8.27,2.48,30,9,34,3,SP
666142,Cole Ragans,P,KC,32.3,7,7,1,4,5.29,1.45,11.41,5.85,41,21,26,10,SP
663903,Brady Singer,P,CIN,32.3,7,7,2,2,5.57,1.73,5.57,2.51,20,9,47,7,SP
641793,Zack Littell,P,WSH,32.3,5,7,1,4,7.24,1.61,4.73,3.34,17,12,40,13,SP
668678,Zac Gallen,P,AZ,32.3,7,7,1,2,4.45,1.52,5.57,2.78,20,10,39,2,SP
702070,Noah Cameron,P,KC,31.7,6,6,2,2,5.40,1.61,7.96,3.13,28,11,40,5,SP
694477,Chad Patrick,P,MIL,31.3,5,7,2,2,3.45,1.44,5.74,4.60,20,16,29,2,SP
621121,Lance McCullers Jr.,P,HOU,31.3,6,6,2,2,6.32,1.40,9.48,4.88,33,17,27,4,SP
594798,Jacob deGrom,P,TEX,31.3,6,6,2,1,2.01,0.96,11.49,2.01,40,7,23,4,SP
669467,Andre Pallante,P,STL,31.3,6,6,3,2,3.73,1.31,7.47,4.02,26,14,27,4,SP
669194,Ryne Nelson,P,AZ,31.3,7,7,1,3,6.61,1.44,8.04,3.73,28,13,32,7,SP
641778,Eric Lauer,P,TOR,31.3,6,7,1,4,6.03,1.50,6.32,4.02,22,14,33,8,SP
686218,Emmet Sheehan,P,LAD,31.0,6,6,2,1,5.23,1.32,10.45,2.61,36,9,32,6,SP
579328,Yusei Kikuchi,P,LAA,31.0,7,7,0,3,5.81,1.58,9.58,4.06,33,14,35,3,SP
663554,Casey Mize,P,DET,31.0,6,6,2,2,2.90,1.19,10.16,3.19,35,11,26,2,SP
663978,Chris Paddack,P,MIA,30.7,6,7,0,5,7.63,1.66,7.92,2.93,27,10,41,6,SP
656876,Drew Rasmussen,P,TB,30.7,6,6,2,1,2.64,0.85,9.39,1.47,32,5,21,5,SP
647336,Michael Soroka,P,AZ,30.7,6,6,4,1,4.70,1.43,10.57,2.64,36,9,35,3,SP
676917,Cade Cavalli,P,WSH,30.7,7,7,1,1,3.82,1.66,11.15,4.11,38,14,37,1,SP
669432,Trevor Rogers,P,BAL,30.3,6,6,2,3,4.75,1.45,8.01,2.97,27,10,34,3,SP
605288,Adrian Houser,P,SF,30.3,6,6,0,3,7.12,1.71,4.75,2.97,16,10,42,6,SP
676979,Garrett Crochet,P,BOS,30.0,6,6,3,3,6.30,1.47,11.10,3.30,37,11,33,5,SP
682052,Jacob Lopez,P,ATH,30.0,6,7,2,2,6.60,1.90,6.90,6.60,23,22,35,6,SP
641743,Anthony Kay,P,CWS,30.0,5,7,1,1,5.70,1.67,6.00,4.50,20,15,35,6,SP
605540,Brandon Woodruff,P,MIL,30.0,6,6,2,1,3.60,1.03,7.50,2.10,25,7,24,4,SP
690986,Kyle Harrison,P,MIL,29.7,6,6,3,1,2.12,1.11,10.62,2.73,35,9,24,2,SP
608566,Germán Márquez,P,SD,29.7,6,6,3,2,5.76,1.45,5.76,3.64,19,12,31,8,SP
694297,Brandon Pfaadt,P,AZ,29.3,3,7,0,1,5.83,1.43,6.75,4.30,22,14,28,5,SP
669372,J.T. Ginn,P,ATH,29.3,5,8,0,1,4.30,1.26,7.06,4.30,23,14,23,4,SP
696149,Bubba Chandler,P,PIT,29.0,6,6,1,3,4.97,1.48,8.38,6.21,27,20,23,5,SP
663556,Shane McClanahan,P,TB,29.0,6,6,3,2,3.10,1.17,9.31,4.03,30,13,21,1,SP
691725,Andrew Painter,P,PHI,29.0,5,6,1,3,5.28,1.59,8.69,2.79,28,9,37,3,SP
656427,Jack Flaherty,P,DET,29.0,7,7,0,2,5.90,1.79,9.93,7.76,32,25,27,5,SP
677958,Kumar Rocker,P,TEX,28.7,6,6,1,3,4.71,1.47,7.53,3.14,24,10,32,3,SP
808963,Roki Sasaki,P,LAD,28.7,6,6,1,3,5.97,1.67,8.16,4.71,26,15,33,8,SP
527048,Martín Pérez,P,ATL,28.3,4,6,2,1,2.22,0.99,6.04,3.18,19,10,18,3,SP
682227,Brandon Williamson,P,CIN,28.0,6,6,2,3,6.11,1.64,6.11,6.43,19,20,26,4,SP
605135,Chris Bassitt,P,BAL,28.0,6,6,2,2,5.46,1.86,5.46,4.50,17,14,38,3,SP
571945,Miles Mikolas,P,WSH,27.3,4,7,0,3,8.23,1.72,6.26,3.62,19,11,36,8,SP
687075,Brandon Sproat,P,MIL,26.7,4,6,0,2,6.75,1.61,8.44,5.06,25,15,28,7,SP
680802,Ryan Weiss,P,HOU,26.0,2,9,0,3,7.62,2.12,10.38,6.92,30,20,35,8,SP
678394,Brayan Bello,P,BOS,25.7,6,6,1,4,9.12,2.26,5.96,5.26,17,15,43,8,SP
621111,Walker Buehler,P,SD,25.0,6,6,1,2,5.40,1.56,8.64,4.32,24,12,27,1,SP
607536,Kyle Freeland,P,COL,25.0,5,5,1,3,5.04,1.36,8.64,2.88,24,8,26,4,SP
571578,Patrick Corbin,P,TOR,24.7,5,5,1,0,3.65,1.26,7.30,2.55,20,7,24,3,SP
625643,Reynaldo López,P,ATL,24.7,5,7,2,1,3.28,1.34,8.39,4.38,23,12,21,4,SP
500779,Jose Quintana,P,COL,24.3,5,5,1,2,4.07,1.36,4.44,4.07,12,11,22,5,SP
571510,Matthew Boyd,P,CHC,24.0,5,5,2,1,6.00,1.29,11.63,2.25,31,6,25,2,SP
543243,Sonny Gray,P,BOS,23.0,5,5,2,1,4.30,1.30,5.09,1.96,13,5,25,3,SP
681293,Spencer Arrighetti,P,HOU,23.0,4,4,4,0,1.96,1.30,9.78,5.48,25,14,16,1,SP
678906,Kai-Wei Teng,P,HOU,23.0,1,14,1,2,2.35,0.96,8.61,2.74,22,7,15,3,SP
669947,Jesse Scholtens,P,TB,22.7,1,5,3,1,3.18,1.15,6.75,2.38,17,6,20,2,SP
592836,Taijuan Walker,P,PHI,22.7,4,5,1,4,9.13,2.07,6.75,4.37,17,11,36,8,SP
668964,Tobias Myers,P,NYM,22.0,1,10,0,1,2.05,0.86,6.55,1.64,16,4,15,2,SP
702273,Noah Schultz,P,CWS,21.3,4,4,2,1,2.53,1.03,8.44,5.06,20,12,10,1,SP
676879,Aaron Ashby,P,MIL,21.0,1,16,5,0,2.57,1.43,14.57,5.57,34,13,17,1,SP
608718,Brent Suter,P,LAA,20.7,1,13,1,1,3.92,1.31,8.71,3.48,20,8,19,3,SP
690953,Mick Abel,P,MIN,20.3,3,4,1,2,3.98,1.57,10.18,4.43,23,10,22,0,SP
663372,Ryan Feltner,P,COL,20.0,5,5,1,1,6.30,1.50,7.65,3.60,17,8,22,5,SP
673540,Kodai Senga,P,NYM,20.0,5,5,0,4,9.00,1.95,10.35,5.85,23,13,26,5,SP
661563,Luis Gil,P,NYY,19.3,4,4,1,2,6.05,1.34,4.19,5.12,9,11,15,6,SP
665871,Javier Assad,P,CHC,19.0,3,5,2,1,7.58,1.47,5.21,2.84,11,6,22,3,SP
518876,Merrill Kelly,P,AZ,19.0,4,4,1,3,9.95,2.32,6.63,7.11,14,15,29,6,SP
453286,Max Scherzer,P,TOR,18.7,5,5,1,3,9.64,1.61,4.82,3.86,10,8,22,7,SP
642121,Cole Sulser,P,TB,18.7,1,14,1,0,2.89,1.45,7.23,3.86,15,8,19,1,SP
680755,Braydon Fisher,P,TOR,18.3,1,17,2,0,2.95,1.15,8.84,3.44,18,7,14,1,SP
641835,Tim Mayza,P,PHI,18.0,1,15,0,1,3.50,1.06,9.00,3.50,18,7,12,2,SP
656641,Jacob Latz,P,TEX,17.7,1,14,0,1,1.02,0.45,7.64,1.53,15,3,5,1,SP
801139,Payton Tolle,P,BOS,17.7,3,3,1,1,2.04,0.74,11.72,3.06,23,6,7,1,SP
676571,PJ Poulin,P,WSH,17.3,5,17,2,0,3.63,1.33,6.23,4.67,12,9,14,3,SP
702275,JR Ritchie,P,ATL,17.3,3,3,1,0,3.63,1.50,6.75,6.23,13,12,14,4,SP
675848,Juan Mejia,P,COL,17.3,1,14,0,3,5.19,1.62,11.42,3.63,22,7,21,2,SP
623211,Huascar Brazobán,P,NYM,16.7,1,15,2,0,1.08,0.84,7.02,1.62,13,3,11,1,SP
691799,Grant Taylor,P,CWS,16.7,4,13,1,0,2.70,1.38,13.50,3.24,25,6,17,0,SP
660761,José Suarez,P,SEA,16.3,1,8,0,1,6.61,2.08,11.57,6.61,21,12,22,0,SP
700249,Cade Povich,P,BAL,16.3,2,3,1,1,4.41,1.29,6.06,2.76,11,5,16,3,SP
700712,Walbert Ureña,P,LAA,16.3,3,5,0,3,3.86,1.84,9.37,7.16,17,13,17,1,SP
669084,DL Hall,P,MIL,16.0,1,14,0,0,1.69,1.25,10.69,6.19,19,11,9,1,SP
601713,Nick Pivetta,P,SD,16.0,4,4,1,2,4.50,1.13,13.50,3.38,24,6,12,0,SP
663542,Bryan Hudson,P,CWS,16.0,2,17,0,0,1.13,1.38,11.25,4.50,20,8,14,0,SP
595345,Steven Okert,P,HOU,15.7,1,18,0,0,4.60,1.40,6.32,4.02,11,7,15,2,SP
671212,Joe Boyle,P,TB,15.7,3,3,0,1,5.17,1.09,9.19,3.45,16,6,11,1,SP
673929,Jordan Leasure,P,CWS,15.3,1,15,2,1,6.46,1.30,8.80,4.70,15,8,12,5,SP
663567,Peter Lambert,P,HOU,15.3,3,3,1,2,3.52,1.24,11.15,4.11,19,7,12,0,SP
663947,Tyler Holton,P,DET,14.7,2,15,0,1,4.91,1.91,6.75,4.91,11,8,20,2,SP
687064,Brandon Young,P,BAL,14.7,3,3,2,1,4.30,1.57,5.52,3.07,9,5,18,3,SP
657514,Brennan Bernardino,P,COL,14.3,2,16,2,1,1.88,1.12,7.53,1.88,12,3,13,1,SP
687570,Connor Prielipp,P,MIN,14.0,3,3,1,0,3.86,0.93,9.64,3.21,15,5,8,2,SP
643377,Griffin Jax,P,TB,14.0,2,13,1,2,5.14,1.50,9.00,5.79,14,9,12,3,SP
623474,Jimmy Herget,P,COL,14.0,3,13,0,1,4.50,1.29,9.00,1.93,14,3,15,1,SP
663362,Matt Waldron,P,SD,13.7,3,3,0,1,9.88,1.98,5.27,3.29,8,5,22,3,SP
682254,Mason Montgomery,P,PIT,13.3,2,14,1,0,3.38,1.35,14.85,4.73,22,7,11,1,SP
675660,Shane Drohan,P,MIL,13.0,1,5,1,1,4.15,1.46,6.92,4.15,10,6,13,0,SP
669438,Mason Englert,P,TB,12.7,1,9,0,1,7.11,1.82,7.11,2.84,10,4,19,4,SP
689254,Mason Fluharty,P,TOR,12.3,1,18,1,0,6.57,1.62,12.41,5.11,17,7,13,1,SP
675989,Cody Bolton,P,HOU,11.7,3,5,0,1,4.63,1.80,10.80,6.94,14,9,12,1,SP
665152,Dean Kremer,P,BAL,11.0,2,2,0,1,4.09,0.91,13.09,1.64,16,2,8,4,SP
554430,Zack Wheeler,P,PHI,11.0,2,2,1,0,2.45,1.00,11.45,4.09,14,5,6,0,SP
686613,Hunter Brown,P,HOU,10.7,2,2,1,0,0.84,1.03,14.34,5.06,17,6,5,0,SP
800311,Didier Fuentes,P,ATL,10.7,1,5,1,0,4.22,1.13,10.13,2.53,12,3,9,1,SP
